timestamp,station_id,sensor_id,location,pm25,pm10,co,no2,o3,temperature,humidity,wind_speed,aqi,aqi_category
2026-05-09 21:41:30.612608,STN-ESP-02,AQM-005,España-UST,21.63,29.49,2.28,22.02,27.37,36.0,51.1,1.93,134.45,Unhealthy for Sensitive
2026-05-09 07:11:30.612653,STN-C5-03,AQM-004,C5-Pasig,41.69,48.02,0.41,143.59,43.99,30.8,64.8,2.11,360.5,Unhealthy
2026-05-09 10:29:30.612680,STN-QUI-04,AQM-004,Quiapo-Plaza Miranda,45.97,115.95,0.95,76.99,43.42,27.3,61.4,5.71,356.08,Unhealthy
2026-05-09 23:58:30.612704,STN-UPD-05,AQM-004,UP Diliman,13.79,15.46,1.48,88.84,52.27,25.8,87.8,5.98,194.2,Unhealthy
2026-05-09 09:52:30.612728,STN-EDSA-01,AQM-001,EDSA-Guadalupe,23.38,30.69,3.46,85.92,46.43,29.5,66.5,3.58,247.06,Unhealthy
2026-05-09 03:44:30.612750,STN-ESP-02,AQM-004,España-UST,33.71,20.5,2.98,170.58,46.5,28.1,65.0,4.84,377.68,Unhealthy
2026-05-09 10:25:30.612772,STN-EDSA-01,AQM-002,EDSA-Guadalupe,38.31,35.43,0.76,166.32,30.71,32.8,58.1,3.49,376.18,Unhealthy
2026-05-10 02:06:30.612794,STN-UPD-05,AQM-005,UP Diliman,25.77,58.79,1.21,70.55,43.23,26.5,64.0,0.66,240.0,Unhealthy
2026-05-10 01:25:30.612816,STN-UPD-05,AQM-004,UP Diliman,14.04,34.98,0.47,60.09,41.17,25.9,83.6,0.63,164.9,Unhealthy
2026-05-09 14:21:30.612837,STN-EDSA-01,AQM-003,EDSA-Guadalupe,22.79,45.44,2.48,99.28,58.08,30.1,71.1,1.6,273.86,Unhealthy
2026-05-09 17:02:30.612858,STN-QUI-04,AQM-005,Quiapo-Plaza Miranda,16.77,62.78,2.67,178.58,32.02,34.3,77.5,3.12,403.41,Unhealthy
2026-05-09 09:11:30.612879,STN-UPD-05,AQM-001,UP Diliman,14.82,21.89,0.52,39.03,48.79,29.6,61.0,3.17,119.61,Unhealthy for Sensitive
2026-05-09 12:03:30.612900,STN-UPD-05,AQM-004,UP Diliman,14.03,23.56,0.46,9.57,55.16,27.4,83.0,4.11,75.25,Moderate
2026-05-09 20:15:30.612921,STN-QUI-04,AQM-002,Quiapo-Plaza Miranda,64.11,31.43,2.74,136.94,51.7,29.7,75.3,2.19,398.75,Unhealthy
2026-05-09 18:17:30.612942,STN-EDSA-01,AQM-003,EDSA-Guadalupe,44.53,22.44,0.99,174.19,11.99,31.9,67.0,3.91,387.2,Unhealthy
2026-05-09 20:19:30.612963,STN-EDSA-01,AQM-005,EDSA-Guadalupe,28.73,62.96,1.55,24.84,24.72,32.0,86.4,3.11,185.72,Unhealthy
2026-05-09 15:26:30.612984,STN-QUI-04,AQM-003,Quiapo-Plaza Miranda,53.05,116.82,2.78,179.13,13.08,33.2,76.4,2.56,542.72,Unhealthy
2026-05-10 01:42:30.613005,STN-QUI-04,AQM-001,Quiapo-Plaza Miranda,30.46,21.37,1.02,121.4,17.84,28.9,85.7,5.32,278.91,Unhealthy
2026-05-09 09:08:30.613029,STN-C5-03,AQM-005,C5-Pasig,12.48,55.55,0.38,129.98,45.67,34.1,85.3,2.67,290.44,Unhealthy
2026-05-09 20:06:30.613050,STN-EDSA-01,AQM-003,EDSA-Guadalupe,44.65,118.26,0.47,50.59,30.89,28.6,62.0,4.89,311.78,Unhealthy
2026-05-09 06:49:30.613071,STN-ESP-02,AQM-002,España-UST,46.71,88.49,1.99,45.51,31.28,24.0,74.0,1.79,287.82,Unhealthy
2026-05-09 12:07:30.613092,STN-UPD-05,AQM-005,UP Diliman,20.54,28.55,1.26,15.8,19.63,27.1,87.0,4.77,111.61,Unhealthy for Sensitive
2026-05-09 14:37:30.613113,STN-QUI-04,AQM-001,Quiapo-Plaza Miranda,43.52,21.67,3.26,43.71,33.97,26.7,56.0,1.54,211.23,Unhealthy
2026-05-09 16:20:30.613133,STN-QUI-04,AQM-005,Quiapo-Plaza Miranda,30.7,23.82,2.45,74.58,49.39,27.8,58.8,2.93,226.35,Unhealthy
2026-05-09 22:23:30.613154,STN-ESP-02,AQM-001,España-UST,43.5,79.9,1.37,133.88,36.15,31.0,54.8,4.97,397.4,Unhealthy
2026-05-09 03:40:30.613174,STN-C5-03,AQM-003,C5-Pasig,25.66,53.27,2.01,101.32,15.07,27.7,88.0,1.14,287.34,Unhealthy
2026-05-09 11:11:30.613195,STN-ESP-02,AQM-001,España-UST,15.26,76.09,0.32,99.34,36.5,35.2,77.5,2.12,273.99,Unhealthy
2026-05-09 08:30:30.613216,STN-C5-03,AQM-001,C5-Pasig,7.78,28.66,1.16,60.36,5.36,28.3,57.3,4.94,152.14,Unhealthy
2026-05-09 05:49:30.613236,STN-EDSA-01,AQM-001,EDSA-Guadalupe,22.95,55.47,2.72,59.03,9.39,26.9,60.5,3.1,228.22,Unhealthy
2026-05-09 21:02:30.613257,STN-EDSA-01,AQM-003,EDSA-Guadalupe,50.84,83.47,2.05,177.64,35.04,25.4,58.0,0.98,488.77,Unhealthy
2026-05-09 09:30:30.613278,STN-UPD-05,AQM-002,UP Diliman,17.96,46.26,0.85,26.1,13.62,34.4,57.4,4.39,139.15,Unhealthy for Sensitive
2026-05-09 12:09:30.613298,STN-QUI-04,AQM-003,Quiapo-Plaza Miranda,23.38,25.49,1.9,176.34,8.56,29.7,55.8,4.53,360.87,Unhealthy
2026-05-09 21:07:30.613319,STN-EDSA-01,AQM-003,EDSA-Guadalupe,25.34,122.67,3.52,24.98,5.07,35.4,58.1,1.1,270.53,Unhealthy
2026-05-09 13:30:30.613339,STN-ESP-02,AQM-003,España-UST,43.8,52.63,2.04,124.72,49.45,25.9,52.4,2.72,358.28,Unhealthy
2026-05-09 05:43:30.613359,STN-QUI-04,AQM-002,Quiapo-Plaza Miranda,59.68,133.69,2.19,148.29,39.99,30.9,86.4,1.79,524.18,Unhealthy
2026-05-09 09:03:30.613382,STN-UPD-05,AQM-005,UP Diliman,5.83,23.24,1.09,42.42,46.35,29.3,71.0,4.02,114.11,Unhealthy for Sensitive
2026-05-09 14:34:30.613402,STN-QUI-04,AQM-002,Quiapo-Plaza Miranda,10.71,36.12,2.51,212.4,25.54,31.3,59.5,1.59,408.5,Unhealthy
2026-05-09 04:14:30.613423,STN-QUI-04,AQM-001,Quiapo-Plaza Miranda,50.08,118.7,1.35,204.47,50.13,29.1,63.9,1.27,562.84,Unhealthy
2026-05-09 11:00:30.613443,STN-QUI-04,AQM-003,Quiapo-Plaza Miranda,55.68,134.56,2.96,130.0,33.69,25.7,77.1,4.47,497.47,Unhealthy
2026-05-09 15:13:30.613464,STN-ESP-02,AQM-001,España-UST,52.21,59.49,0.56,67.64,39.55,25.5,75.9,1.75,282.82,Unhealthy
2026-05-09 16:18:30.613484,STN-QUI-04,AQM-001,Quiapo-Plaza Miranda,53.25,116.14,3.11,192.21,51.23,34.6,72.3,4.86,565.26,Unhealthy
2026-05-09 23:19:30.613505,STN-ESP-02,AQM-001,España-UST,40.17,71.71,1.42,160.77,54.96,24.6,70.3,2.52,421.71,Unhealthy
2026-05-09 15:36:30.613525,STN-C5-03,AQM-005,C5-Pasig,13.75,42.73,0.43,76.05,37.39,26.7,50.1,4.13,197.15,Unhealthy
2026-05-09 20:04:30.613544,STN-ESP-02,AQM-003,España-UST,18.06,55.43,2.1,134.53,58.34,29.8,63.6,4.78,325.46,Unhealthy
2026-05-09 07:07:30.613566,STN-EDSA-01,AQM-002,EDSA-Guadalupe,12.5,108.95,2.81,98.59,26.71,31.6,74.0,1.86,331.72,Unhealthy
2026-05-10 00:05:30.613586,STN-C5-03,AQM-001,C5-Pasig,27.86,81.81,1.08,109.21,58.48,30.9,89.2,4.96,328.54,Unhealthy
2026-05-09 14:57:30.613606,STN-UPD-05,AQM-003,UP Diliman,24.74,37.23,0.92,74.63,42.91,30.7,70.6,4.22,215.31,Unhealthy
2026-05-09 21:56:30.613626,STN-QUI-04,AQM-002,Quiapo-Plaza Miranda,66.56,135.79,1.96,182.91,48.65,29.6,80.6,5.69,590.06,Unhealthy
2026-05-09 14:43:30.613645,STN-UPD-05,AQM-005,UP Diliman,6.36,49.71,1.45,22.54,23.08,31.4,63.3,2.69,120.7,Unhealthy for Sensitive
2026-05-09 07:05:30.613666,STN-ESP-02,AQM-001,España-UST,48.63,29.83,1.52,141.18,5.29,31.6,72.3,4.13,359.99,Unhealthy
2026-05-09 04:46:30.613686,STN-ESP-02,AQM-003,España-UST,40.23,115.75,2.51,115.53,58.2,30.2,86.4,2.12,417.79,Unhealthy
2026-05-09 04:14:30.613707,STN-UPD-05,AQM-001,UP Diliman,13.71,17.63,1.1,15.75,52.69,33.1,85.9,1.37,83.18,Moderate
2026-05-09 15:16:30.613727,STN-QUI-04,AQM-002,Quiapo-Plaza Miranda,43.4,21.16,3.22,208.38,16.48,33.9,84.1,3.22,456.93,Unhealthy
2026-05-09 17:53:30.613748,STN-C5-03,AQM-002,C5-Pasig,38.54,59.3,1.88,28.61,25.76,33.5,61.4,5.48,209.92,Unhealthy
2026-05-09 04:43:30.613768,STN-C5-03,AQM-003,C5-Pasig,27.52,16.75,0.96,40.71,31.25,28.7,87.8,0.93,145.81,Unhealthy for Sensitive
2026-05-09 03:42:30.613788,STN-UPD-05,AQM-003,UP Diliman,23.85,33.5,0.53,94.73,55.62,26.7,68.5,4.86,235.26,Unhealthy
2026-05-09 05:27:30.613808,STN-C5-03,AQM-002,C5-Pasig,9.92,17.83,0.34,111.0,20.25,30.3,64.6,2.59,211.18,Unhealthy
2026-05-09 08:37:30.613830,STN-UPD-05,AQM-005,UP Diliman,28.11,62.16,0.76,41.29,48.11,31.3,78.8,0.85,200.37,Unhealthy
2026-05-09 06:23:30.613850,STN-UPD-05,AQM-004,UP Diliman,27.3,38.85,0.74,31.73,25.92,33.3,69.3,3.82,156.26,Unhealthy
2026-05-09 23:37:30.613870,STN-UPD-05,AQM-005,UP Diliman,6.36,41.19,1.39,76.74,17.16,28.5,77.8,5.83,191.13,Unhealthy
2026-05-09 18:24:30.613891,STN-QUI-04,AQM-005,Quiapo-Plaza Miranda,56.9,103.19,2.43,74.17,11.95,31.5,50.7,5.49,373.21,Unhealthy
2026-05-10 00:14:30.613911,STN-QUI-04,AQM-001,Quiapo-Plaza Miranda,22.67,141.84,3.38,75.08,34.86,35.8,55.6,2.86,361.98,Unhealthy
2026-05-09 02:32:30.613932,STN-UPD-05,AQM-003,UP Diliman,31.42,59.28,1.33,90.63,47.92,31.6,84.1,2.65,283.27,Unhealthy
2026-05-09 17:37:30.613952,STN-QUI-04,AQM-002,Quiapo-Plaza Miranda,71.25,90.73,1.13,83.66,58.25,24.5,62.5,5.49,388.13,Unhealthy
2026-05-09 03:58:30.613972,STN-ESP-02,AQM-003,España-UST,18.88,24.91,0.75,108.43,58.75,24.1,63.1,2.24,237.76,Unhealthy
2026-05-09 21:06:30.613993,STN-EDSA-01,AQM-001,EDSA-Guadalupe,13.71,34.28,2.46,111.17,45.17,32.8,56.1,1.1,259.94,Unhealthy
2026-05-09 05:46:30.614013,STN-UPD-05,AQM-005,UP Diliman,21.28,41.08,0.51,59.11,28.18,26.6,62.9,3.94,185.61,Unhealthy
2026-05-09 21:46:30.614033,STN-ESP-02,AQM-004,España-UST,56.24,40.09,2.2,25.78,43.48,33.3,85.4,4.24,221.23,Unhealthy
2026-05-09 02:55:30.614053,STN-C5-03,AQM-002,C5-Pasig,7.2,72.95,1.67,20.52,32.76,33.8,82.2,2.11,149.43,Unhealthy for Sensitive
2026-05-09 03:25:30.614076,STN-UPD-05,AQM-005,UP Diliman,22.18,27.82,1.25,16.75,56.83,25.2,64.9,1.99,115.39,Unhealthy for Sensitive
2026-05-09 19:11:30.614096,STN-ESP-02,AQM-003,España-UST,51.14,61.97,2.32,88.53,59.51,34.4,87.9,4.06,332.62,Unhealthy
2026-05-09 18:30:30.614116,STN-QUI-04,AQM-001,Quiapo-Plaza Miranda,11.76,96.18,0.9,121.73,53.86,26.9,58.7,4.93,330.57,Unhealthy
2026-05-09 10:06:30.614136,STN-ESP-02,AQM-003,España-UST,24.65,62.74,1.87,73.01,36.31,33.4,88.1,0.51,252.82,Unhealthy
2026-05-09 19:43:30.614157,STN-C5-03,AQM-001,C5-Pasig,23.67,94.46,1.05,23.46,15.76,31.5,50.7,0.92,206.36,Unhealthy
2026-05-09 18:22:30.614177,STN-ESP-02,AQM-001,España-UST,10.98,73.27,2.95,22.16,45.82,34.3,54.4,1.58,172.61,Unhealthy
2026-05-09 11:24:30.614201,STN-QUI-04,AQM-001,Quiapo-Plaza Miranda,21.21,99.27,1.08,102.0,54.95,27.8,76.3,3.56,325.29,Unhealthy
2026-05-09 15:19:30.614220,STN-UPD-05,AQM-002,UP Diliman,27.17,49.82,0.89,25.3,5.09,29.8,76.3,1.7,160.93,Unhealthy
2026-05-09 16:27:30.614241,STN-C5-03,AQM-004,C5-Pasig,14.78,82.05,0.59,123.69,47.62,30.4,67.8,2.84,319.49,Unhealthy
2026-05-09 16:49:30.614260,STN-QUI-04,AQM-004,Quiapo-Plaza Miranda,19.2,109.3,1.55,106.48,36.5,29.4,71.3,1.65,344.76,Unhealthy
2026-05-10 01:39:30.614279,STN-C5-03,AQM-003,C5-Pasig,43.97,65.21,1.44,18.73,22.82,35.0,86.6,1.23,208.73,Unhealthy
2026-05-09 23:09:30.614303,STN-UPD-05,AQM-003,UP Diliman,27.6,54.57,0.23,77.97,42.85,26.2,73.7,2.0,239.94,Unhealthy
2026-05-09 14:14:30.614323,STN-QUI-04,AQM-003,Quiapo-Plaza Miranda,53.83,108.95,1.66,103.91,11.43,29.5,72.5,1.77,410.85,Unhealthy
2026-05-09 04:18:30.614343,STN-UPD-05,AQM-004,UP Diliman,15.8,28.35,1.08,83.0,23.55,24.9,84.2,0.76,200.93,Unhealthy
2026-05-09 17:15:30.614362,STN-ESP-02,AQM-003,España-UST,43.83,26.55,0.94,115.71,57.35,33.4,74.3,4.35,302.44,Unhealthy
2026-05-09 22:05:30.614382,STN-ESP-02,AQM-005,España-UST,9.53,70.53,1.88,94.73,19.43,27.6,84.8,4.65,264.55,Unhealthy
2026-05-09 15:28:30.614401,STN-C5-03,AQM-001,C5-Pasig,13.41,59.18,1.05,116.7,25.01,28.3,66.0,1.46,283.38,Unhealthy
2026-05-09 04:48:30.614421,STN-C5-03,AQM-004,C5-Pasig,7.49,40.27,2.33,43.64,26.95,35.8,71.6,5.92,152.11,Unhealthy
2026-05-09 15:23:30.614441,STN-EDSA-01,AQM-001,EDSA-Guadalupe,36.72,106.56,3.58,106.69,30.57,24.8,61.4,1.41,397.1,Unhealthy
2026-05-09 02:19:30.614460,STN-C5-03,AQM-001,C5-Pasig,43.37,28.26,1.04,66.19,22.37,35.6,68.6,3.66,230.29,Unhealthy
2026-05-09 06:42:30.614480,STN-UPD-05,AQM-004,UP Diliman,18.63,19.33,0.86,8.92,28.41,32.1,61.0,1.9,82.43,Moderate
2026-05-09 02:29:30.614499,STN-C5-03,AQM-004,C5-Pasig,13.95,67.77,0.32,79.89,56.35,29.0,86.1,2.08,232.24,Unhealthy
2026-05-09 19:19:30.614519,STN-EDSA-01,AQM-005,EDSA-Guadalupe,34.29,124.8,2.03,25.22,27.92,30.8,58.8,2.82,276.45,Unhealthy
2026-05-09 09:10:30.614538,STN-ESP-02,AQM-001,España-UST,36.09,103.66,1.53,105.72,23.28,27.8,85.4,2.82,370.44,Unhealthy
2026-05-09 19:13:30.614558,STN-UPD-05,AQM-004,UP Diliman,5.78,8.3,1.27,65.3,29.44,28.9,74.9,1.27,132.19,Unhealthy for Sensitive
2026-05-09 04:33:30.614578,STN-C5-03,AQM-003,C5-Pasig,15.37,83.59,1.73,118.55,37.01,30.2,79.5,1.39,326.18,Unhealthy
2026-05-09 20:47:30.614598,STN-QUI-04,AQM-002,Quiapo-Plaza Miranda,64.77,18.03,3.02,83.08,33.37,26.0,57.2,4.49,305.98,Unhealthy
2026-05-09 14:42:30.614617,STN-QUI-04,AQM-002,Quiapo-Plaza Miranda,22.77,109.24,3.48,128.84,51.97,31.6,64.9,5.87,404.71,Unhealthy
2026-05-09 07:03:30.614636,STN-EDSA-01,AQM-004,EDSA-Guadalupe,47.3,120.36,1.82,41.38,16.72,29.9,72.1,3.23,319.31,Unhealthy
2026-05-09 08:48:30.614656,STN-UPD-05,AQM-002,UP Diliman,19.95,14.8,0.64,26.18,21.16,35.0,65.3,2.55,103.31,Unhealthy for Sensitive
2026-05-09 23:53:30.614675,STN-UPD-05,AQM-002,UP Diliman,11.96,32.02,0.43,65.39,13.84,33.8,89.3,3.51,164.78,Unhealthy
2026-05-09 06:43:30.614695,STN-C5-03,AQM-003,C5-Pasig,29.23,74.84,1.15,136.67,18.47,24.1,55.7,3.77,364.79,Unhealthy
2026-05-09 19:43:30.614714,STN-UPD-05,AQM-003,UP Diliman,9.52,20.83,1.04,45.93,53.94,30.1,82.1,1.77,123.36,Unhealthy for Sensitive
2026-05-09 21:19:30.614734,STN-QUI-04,AQM-002,Quiapo-Plaza Miranda,37.58,74.12,2.86,69.13,27.38,24.6,72.2,0.78,296.4,Unhealthy
2026-05-09 15:06:30.614753,STN-ESP-02,AQM-001,España-UST,24.28,32.0,0.64,160.41,39.59,27.5,80.1,1.7,334.01,Unhealthy
2026-05-09 12:26:30.614772,STN-ESP-02,AQM-005,España-UST,46.72,69.93,2.4,28.95,32.48,25.6,57.2,5.67,244.74,Unhealthy
2026-05-09 16:07:30.614794,STN-ESP-02,AQM-004,España-UST,35.08,29.49,1.09,178.67,28.36,32.1,88.2,4.7,384.43,Unhealthy
2026-05-09 18:05:30.614814,STN-C5-03,AQM-001,C5-Pasig,30.07,36.11,1.39,103.78,13.87,31.7,88.9,5.5,273.08,Unhealthy
2026-05-09 10:35:30.614833,STN-EDSA-01,AQM-003,EDSA-Guadalupe,20.1,125.99,0.5,145.18,43.62,32.3,73.2,3.41,414.11,Unhealthy
2026-05-09 17:56:30.614853,STN-QUI-04,AQM-001,Quiapo-Plaza Miranda,13.61,87.56,3.25,201.08,10.22,26.0,69.4,0.55,466.45,Unhealthy
2026-05-09 11:17:30.614873,STN-EDSA-01,AQM-002,EDSA-Guadalupe,31.95,120.7,3.31,45.44,30.63,35.4,86.5,2.41,310.01,Unhealthy
2026-05-09 18:54:30.614892,STN-UPD-05,AQM-004,UP Diliman,28.72,16.0,0.18,73.98,39.98,34.2,72.9,5.2,189.37,Unhealthy
2026-05-09 04:03:30.614911,STN-QUI-04,AQM-001,Quiapo-Plaza Miranda,33.26,130.33,1.16,27.66,11.27,28.7,65.5,4.2,276.03,Unhealthy
2026-05-09 04:30:30.614930,STN-ESP-02,AQM-001,España-UST,59.18,43.67,0.97,120.35,39.7,35.9,66.3,4.56,360.98,Unhealthy
2026-05-09 14:42:30.614949,STN-ESP-02,AQM-003,España-UST,27.83,102.11,2.53,19.72,54.82,29.7,71.3,3.65,233.02,Unhealthy
2026-05-09 04:59:30.614968,STN-UPD-05,AQM-004,UP Diliman,9.43,62.18,0.65,38.38,55.65,27.0,65.6,2.76,157.51,Unhealthy
2026-05-09 10:58:30.614988,STN-EDSA-01,AQM-005,EDSA-Guadalupe,60.69,91.08,1.57,117.47,30.73,34.6,84.1,2.18,422.58,Unhealthy
2026-05-09 06:15:30.615007,STN-C5-03,AQM-001,C5-Pasig,26.1,13.32,1.43,142.7,12.12,35.5,66.4,5.79,296.56,Unhealthy
2026-05-09 05:17:30.615026,STN-ESP-02,AQM-002,España-UST,33.01,99.86,2.77,89.26,34.98,29.2,80.0,2.43,347.45,Unhealthy
2026-05-09 09:20:30.615045,STN-ESP-02,AQM-001,España-UST,59.87,65.21,0.7,82.36,27.92,31.3,81.8,5.39,328.51,Unhealthy
2026-05-09 09:08:30.615064,STN-ESP-02,AQM-001,España-UST,19.7,67.42,0.67,51.78,49.22,32.9,88.8,4.59,204.68,Unhealthy
2026-05-09 13:04:30.615083,STN-C5-03,AQM-003,C5-Pasig,10.92,43.04,1.81,122.45,5.81,34.4,55.7,3.67,275.28,Unhealthy
2026-05-09 15:35:30.615102,STN-QUI-04,AQM-005,Quiapo-Plaza Miranda,42.02,113.29,2.06,118.33,5.87,31.2,88.0,1.82,418.05,Unhealthy
2026-05-10 01:06:30.615121,STN-UPD-05,AQM-005,UP Diliman,7.18,54.02,0.55,49.11,23.89,27.5,82.7,1.04,158.31,Unhealthy
2026-05-09 09:42:30.615140,STN-QUI-04,AQM-001,Quiapo-Plaza Miranda,63.51,40.8,2.63,53.9,40.63,28.6,58.5,2.82,283.16,Unhealthy
2026-05-09 15:08:30.615159,STN-EDSA-01,AQM-002,EDSA-Guadalupe,39.75,122.51,2.26,28.19,39.15,31.2,64.4,2.91,291.4,Unhealthy
2026-05-09 07:41:30.615180,STN-ESP-02,AQM-005,España-UST,17.08,97.4,1.52,86.32,24.51,31.3,61.5,1.63,295.71,Unhealthy
2026-05-09 11:14:30.615199,STN-ESP-02,AQM-003,España-UST,38.34,105.29,0.7,121.58,59.93,35.2,75.3,1.75,392.39,Unhealthy
2026-05-09 05:31:30.615217,STN-ESP-02,AQM-003,España-UST,24.63,109.29,1.92,95.01,35.43,26.4,53.1,2.89,342.14,Unhealthy
2026-05-09 14:29:30.615236,STN-ESP-02,AQM-005,España-UST,40.45,37.33,1.08,70.05,56.57,31.6,70.5,1.64,241.59,Unhealthy
2026-05-09 07:23:30.615255,STN-EDSA-01,AQM-001,EDSA-Guadalupe,66.85,39.43,1.09,112.84,28.32,30.9,82.2,4.37,361.19,Unhealthy
2026-05-09 17:10:30.615274,STN-UPD-05,AQM-004,UP Diliman,29.75,8.49,0.71,20.03,56.55,29.7,52.1,0.86,106.87,Unhealthy for Sensitive
2026-05-09 06:54:30.615293,STN-ESP-02,AQM-001,España-UST,20.71,25.25,2.24,138.24,25.91,27.3,75.3,0.95,301.52,Unhealthy
2026-05-09 18:03:30.615312,STN-ESP-02,AQM-005,España-UST,43.72,51.32,1.0,125.36,24.07,27.7,53.7,5.2,347.08,Unhealthy
2026-05-09 11:29:30.615331,STN-ESP-02,AQM-004,España-UST,27.96,38.52,0.47,35.22,35.49,26.2,66.2,5.97,159.64,Unhealthy
2026-05-09 06:21:30.615349,STN-C5-03,AQM-005,C5-Pasig,13.98,26.79,1.59,136.54,43.72,28.3,57.9,4.39,280.8,Unhealthy
2026-05-09 15:39:30.615368,STN-ESP-02,AQM-004,España-UST,7.97,49.08,2.0,155.26,22.49,25.6,84.0,5.93,327.78,Unhealthy
2026-05-09 22:41:30.615387,STN-ESP-02,AQM-004,España-UST,16.85,103.76,2.13,102.14,50.59,35.8,52.3,1.72,332.75,Unhealthy
2026-05-09 13:03:30.615406,STN-ESP-02,AQM-003,España-UST,40.94,89.04,2.22,18.08,41.85,35.0,80.8,4.88,238.04,Unhealthy
2026-05-09 03:30:30.615425,STN-ESP-02,AQM-004,España-UST,48.74,37.96,2.07,148.79,54.27,32.1,66.1,1.34,386.91,Unhealthy
2026-05-09 05:00:30.615446,STN-UPD-05,AQM-005,UP Diliman,22.6,48.87,1.23,64.34,33.63,35.9,88.7,2.01,212.61,Unhealthy
2026-05-09 11:12:30.615465,STN-UPD-05,AQM-004,UP Diliman,6.77,36.66,1.33,26.43,33.88,28.1,62.1,2.84,110.45,Unhealthy for Sensitive
2026-05-09 17:47:30.615483,STN-QUI-04,AQM-001,Quiapo-Plaza Miranda,43.62,100.55,1.63,73.29,6.18,25.5,84.4,0.87,334.16,Unhealthy
2026-05-09 17:04:30.615502,STN-EDSA-01,AQM-004,EDSA-Guadalupe,50.43,32.32,0.55,91.83,16.64,34.3,81.0,1.74,282.84,Unhealthy
2026-05-09 14:28:30.615521,STN-UPD-05,AQM-003,UP Diliman,10.08,34.23,0.85,38.24,18.0,33.3,59.3,4.2,127.06,Unhealthy for Sensitive
2026-05-09 04:54:30.615539,STN-EDSA-01,AQM-005,EDSA-Guadalupe,10.36,130.37,2.22,174.71,59.29,26.3,72.4,1.5,461.43,Unhealthy
2026-05-09 23:37:30.615558,STN-EDSA-01,AQM-004,EDSA-Guadalupe,43.31,81.74,2.79,46.34,32.51,27.9,59.1,0.93,282.11,Unhealthy
2026-05-10 00:52:30.615577,STN-UPD-05,AQM-003,UP Diliman,10.29,17.26,0.54,67.33,10.05,34.7,66.8,3.56,147.67,Unhealthy for Sensitive
2026-05-09 23:24:30.615596,STN-EDSA-01,AQM-003,EDSA-Guadalupe,15.13,69.57,2.88,120.69,24.75,34.6,86.1,1.23,323.55,Unhealthy
2026-05-09 18:38:30.615614,STN-QUI-04,AQM-004,Quiapo-Plaza Miranda,38.27,103.74,0.96,120.24,33.51,24.9,65.8,1.54,390.95,Unhealthy
2026-05-09 16:59:30.615633,STN-ESP-02,AQM-002,España-UST,51.9,21.63,0.58,82.94,31.34,32.1,56.6,3.92,259.93,Unhealthy
2026-05-09 05:57:30.615652,STN-ESP-02,AQM-001,España-UST,31.35,70.59,0.37,51.69,10.35,28.6,71.8,5.84,228.63,Unhealthy
2026-05-10 01:10:30.615671,STN-UPD-05,AQM-005,UP Diliman,12.06,51.67,0.85,64.62,35.86,26.2,72.6,1.8,191.56,Unhealthy
2026-05-09 06:29:30.615690,STN-C5-03,AQM-005,C5-Pasig,16.9,21.49,1.17,128.94,45.8,28.0,54.2,1.86,264.72,Unhealthy
2026-05-09 03:46:30.615709,STN-EDSA-01,AQM-002,EDSA-Guadalupe,53.79,55.46,2.97,105.27,13.0,26.0,87.6,3.74,361.73,Unhealthy
2026-05-09 23:50:30.615727,STN-C5-03,AQM-004,C5-Pasig,21.64,91.3,0.37,37.65,24.35,27.0,54.5,4.89,212.97,Unhealthy
2026-05-09 23:13:30.615748,STN-UPD-05,AQM-003,UP Diliman,17.88,35.6,0.39,93.54,41.41,30.9,63.7,3.16,222.66,Unhealthy
2026-05-09 11:05:30.615767,STN-UPD-05,AQM-004,UP Diliman,5.5,28.81,1.17,75.58,58.85,34.3,86.0,5.43,170.63,Unhealthy
2026-05-09 15:24:30.615786,STN-ESP-02,AQM-005,España-UST,38.0,78.48,1.59,61.13,43.95,29.4,68.1,1.39,277.81,Unhealthy
2026-05-09 12:03:30.615804,STN-UPD-05,AQM-001,UP Diliman,4.12,15.11,1.38,90.49,23.79,29.9,80.4,2.33,175.94,Unhealthy
2026-05-09 22:33:30.615823,STN-EDSA-01,AQM-005,EDSA-Guadalupe,65.48,79.53,2.59,184.16,32.99,25.8,52.6,4.73,528.53,Unhealthy
2026-05-10 01:03:30.615842,STN-EDSA-01,AQM-002,EDSA-Guadalupe,65.09,64.23,2.18,47.6,43.0,27.0,75.7,5.37,300.51,Unhealthy
2026-05-09 23:58:30.615861,STN-C5-03,AQM-002,C5-Pasig,23.52,75.74,2.11,71.81,11.5,32.3,88.3,5.47,266.71,Unhealthy
2026-05-10 00:49:30.615880,STN-EDSA-01,AQM-001,EDSA-Guadalupe,27.36,53.4,3.48,125.68,57.07,31.2,84.7,5.87,342.16,Unhealthy
2026-05-09 15:42:30.615899,STN-ESP-02,AQM-004,España-UST,41.18,85.28,1.93,48.49,20.07,27.6,55.3,0.7,276.78,Unhealthy
2026-05-09 06:49:30.615917,STN-UPD-05,AQM-001,UP Diliman,22.45,17.25,1.52,70.34,21.26,28.8,63.5,4.48,186.33,Unhealthy
2026-05-09 09:33:30.615936,STN-C5-03,AQM-005,C5-Pasig,6.41,94.37,1.53,128.62,7.94,29.3,76.9,2.68,334.31,Unhealthy
2026-05-10 00:45:30.615955,STN-UPD-05,AQM-003,UP Diliman,21.42,50.14,1.02,84.25,57.11,26.5,73.7,4.59,239.59,Unhealthy
2026-05-09 20:34:30.615974,STN-ESP-02,AQM-004,España-UST,25.86,77.73,0.95,145.01,7.89,29.9,71.5,4.86,372.05,Unhealthy
2026-05-09 08:51:30.615992,STN-C5-03,AQM-004,C5-Pasig,44.39,14.26,1.42,24.55,33.45,33.7,85.8,3.29,156.86,Unhealthy
2026-05-09 10:20:30.616011,STN-EDSA-01,AQM-005,EDSA-Guadalupe,26.46,92.6,0.91,112.04,15.77,32.8,62.0,5.14,341.14,Unhealthy
2026-05-09 22:01:30.616030,STN-QUI-04,AQM-002,Quiapo-Plaza Miranda,63.73,52.92,0.98,132.84,47.99,34.9,65.7,2.68,400.04,Unhealthy
2026-05-09 09:49:30.616048,STN-ESP-02,AQM-004,España-UST,11.96,93.39,2.88,59.25,13.75,28.4,77.4,0.53,253.69,Unhealthy
2026-05-09 05:11:30.616067,STN-QUI-04,AQM-004,Quiapo-Plaza Miranda,23.39,121.33,0.53,148.5,27.35,30.8,77.0,2.2,420.43,Unhealthy
2026-05-09 03:33:30.616086,STN-ESP-02,AQM-003,España-UST,45.41,59.07,2.12,140.06,6.74,32.9,63.1,0.98,392.96,Unhealthy
2026-05-09 04:22:30.616105,STN-QUI-04,AQM-003,Quiapo-Plaza Miranda,70.53,132.71,1.55,39.54,55.95,32.9,66.0,3.69,375.13,Unhealthy
2026-05-09 06:41:30.616123,STN-C5-03,AQM-005,C5-Pasig,8.96,40.0,1.72,139.19,42.16,35.8,72.9,2.37,291.91,Unhealthy
2026-05-09 19:49:30.616142,STN-EDSA-01,AQM-002,EDSA-Guadalupe,25.05,61.19,1.56,166.05,36.32,27.9,87.9,5.36,388.2,Unhealthy
2026-05-09 10:02:30.616161,STN-UPD-05,AQM-004,UP Diliman,10.29,51.12,0.88,42.07,8.98,27.1,68.8,3.4,153.84,Unhealthy
2026-05-09 04:34:30.616179,STN-C5-03,AQM-002,C5-Pasig,24.98,29.67,0.49,63.67,53.1,26.7,54.3,2.75,185.99,Unhealthy
2026-05-09 16:48:30.616198,STN-QUI-04,AQM-002,Quiapo-Plaza Miranda,46.98,115.65,2.56,63.13,24.0,32.6,77.5,3.79,353.02,Unhealthy
2026-05-09 14:17:30.616217,STN-ESP-02,AQM-004,España-UST,22.08,39.27,0.83,43.34,58.75,35.5,66.0,3.21,164.55,Unhealthy
2026-05-09 20:11:30.616238,STN-UPD-05,AQM-001,UP Diliman,30.97,27.97,0.33,33.06,44.6,24.6,76.7,1.08,148.36,Unhealthy for Sensitive
2026-05-09 15:24:30.616257,STN-C5-03,AQM-001,C5-Pasig,35.22,92.52,0.71,35.13,17.39,26.9,57.5,2.56,241.3,Unhealthy
2026-05-09 10:48:30.616276,STN-QUI-04,AQM-005,Quiapo-Plaza Miranda,24.31,33.3,0.5,207.34,30.47,30.2,63.3,1.26,404.63,Unhealthy
2026-05-09 08:00:30.616294,STN-UPD-05,AQM-004,UP Diliman,16.05,9.95,0.54,54.53,37.22,25.9,74.2,1.51,131.19,Unhealthy for Sensitive
2026-05-09 14:10:30.616313,STN-UPD-05,AQM-001,UP Diliman,31.86,17.64,1.18,79.47,45.84,35.4,84.4,5.31,215.85,Unhealthy
2026-05-09 13:47:30.616332,STN-C5-03,AQM-002,C5-Pasig,8.49,34.08,0.3,71.32,36.39,28.7,71.3,3.69,167.84,Unhealthy
2026-05-09 06:27:30.616351,STN-UPD-05,AQM-001,UP Diliman,20.29,37.6,0.93,24.55,9.47,30.3,72.2,3.18,131.79,Unhealthy for Sensitive
2026-05-09 23:39:30.616369,STN-C5-03,AQM-004,C5-Pasig,9.82,79.22,0.57,116.45,31.78,33.5,70.9,4.61,295.03,Unhealthy
2026-05-09 14:00:30.616388,STN-QUI-04,AQM-001,Quiapo-Plaza Miranda,20.94,99.06,1.51,123.15,6.76,34.5,87.0,5.43,360.55,Unhealthy
2026-05-09 03:59:30.616407,STN-ESP-02,AQM-002,España-UST,25.66,95.41,1.89,128.18,48.46,35.4,62.9,2.52,376.95,Unhealthy
2026-05-10 01:50:30.616426,STN-ESP-02,AQM-005,España-UST,27.58,21.17,1.77,33.63,44.14,34.1,68.3,0.52,148.7,Unhealthy for Sensitive
2026-05-09 18:00:30.616444,STN-EDSA-01,AQM-004,EDSA-Guadalupe,51.38,141.16,0.78,139.58,56.09,25.8,89.3,5.13,489.37,Unhealthy
2026-05-09 05:53:30.616463,STN-EDSA-01,AQM-002,EDSA-Guadalupe,55.05,126.86,2.86,198.92,33.16,27.4,86.1,3.99,589.31,Unhealthy
2026-05-09 09:43:30.616482,STN-QUI-04,AQM-002,Quiapo-Plaza Miranda,50.84,57.84,2.97,204.52,36.65,34.8,73.2,4.6,507.57,Unhealthy
2026-05-09 10:52:30.616503,STN-QUI-04,AQM-004,Quiapo-Plaza Miranda,56.09,25.51,2.78,57.18,41.02,25.5,76.7,4.42,256.37,Unhealthy
2026-05-09 13:11:30.616522,STN-UPD-05,AQM-003,UP Diliman,16.2,56.81,1.15,13.47,12.69,33.4,63.5,3.33,132.29,Unhealthy for Sensitive
2026-05-10 02:06:30.616540,STN-EDSA-01,AQM-001,EDSA-Guadalupe,60.71,141.45,2.4,86.43,31.33,24.8,52.1,5.3,444.8,Unhealthy
2026-05-09 15:29:30.616559,STN-QUI-04,AQM-004,Quiapo-Plaza Miranda,68.82,57.03,0.57,25.93,39.92,25.5,65.4,1.38,250.7,Unhealthy
2026-05-09 16:11:30.616578,STN-UPD-05,AQM-005,UP Diliman,4.15,21.17,1.0,56.23,19.96,35.1,63.9,5.5,128.07,Unhealthy for Sensitive
2026-05-09 10:54:30.616597,STN-UPD-05,AQM-001,UP Diliman,25.88,47.68,0.67,27.59,52.87,28.3,75.4,5.29,157.09,Unhealthy
2026-05-09 15:43:30.616616,STN-C5-03,AQM-003,C5-Pasig,9.1,89.24,0.34,74.59,9.05,30.9,63.2,5.06,240.55,Unhealthy
2026-05-09 19:56:30.616635,STN-C5-03,AQM-004,C5-Pasig,7.27,20.49,0.83,126.78,47.45,32.3,82.8,3.87,237.59,Unhealthy
2026-05-09 14:42:30.616653,STN-EDSA-01,AQM-001,EDSA-Guadalupe,37.57,136.25,3.07,81.62,44.16,33.8,67.2,3.44,391.75,Unhealthy
2026-05-09 18:33:30.616672,STN-EDSA-01,AQM-002,EDSA-Guadalupe,57.42,22.57,3.48,32.77,24.06,27.3,69.8,5.23,225.86,Unhealthy
2026-05-09 03:30:30.616691,STN-EDSA-01,AQM-003,EDSA-Guadalupe,37.59,64.15,0.61,150.41,29.45,32.0,69.7,3.59,383.82,Unhealthy
2026-05-09 04:09:30.616710,STN-QUI-04,AQM-001,Quiapo-Plaza Miranda,67.47,70.39,3.13,64.88,42.27,34.7,65.2,1.12,348.02,Unhealthy
2026-05-09 23:04:30.616729,STN-UPD-05,AQM-001,UP Diliman,11.03,47.37,0.19,74.27,42.34,34.0,66.7,3.85,192.21,Unhealthy
2026-05-09 15:29:30.616747,STN-QUI-04,AQM-005,Quiapo-Plaza Miranda,69.79,129.22,1.75,143.8,38.03,26.3,73.0,1.34,527.87,Unhealthy
2026-05-09 14:10:30.616767,STN-C5-03,AQM-001,C5-Pasig,27.89,35.07,1.45,60.81,46.86,34.3,61.5,1.31,203.59,Unhealthy
2026-05-09 06:46:30.616785,STN-EDSA-01,AQM-003,EDSA-Guadalupe,43.17,29.62,3.07,149.9,42.71,27.5,89.1,2.23,377.46,Unhealthy
2026-05-09 13:01:30.616804,STN-EDSA-01,AQM-001,EDSA-Guadalupe,61.32,85.32,1.71,86.24,22.58,33.4,86.3,2.1,371.51,Unhealthy
2026-05-09 13:21:30.616823,STN-C5-03,AQM-002,C5-Pasig,29.02,55.07,0.44,36.09,51.39,26.4,71.7,3.34,182.65,Unhealthy
2026-05-09 04:49:30.616841,STN-QUI-04,AQM-002,Quiapo-Plaza Miranda,67.24,119.73,1.47,133.71,20.93,26.1,85.6,0.85,493.43,Unhealthy
2026-05-09 13:59:30.616860,STN-C5-03,AQM-001,C5-Pasig,14.25,80.19,1.28,13.41,32.8,30.3,86.7,0.87,157.67,Unhealthy
2026-05-09 11:36:30.616879,STN-C5-03,AQM-002,C5-Pasig,38.86,93.12,1.36,48.35,27.0,32.4,53.4,4.04,275.55,Unhealthy
2026-05-09 12:39:30.616898,STN-ESP-02,AQM-005,España-UST,21.84,103.02,2.36,159.91,56.93,34.3,62.8,2.77,430.76,Unhealthy
2026-05-09 19:27:30.616916,STN-UPD-05,AQM-005,UP Diliman,14.57,19.31,0.58,95.98,52.99,29.1,82.7,1.18,202.12,Unhealthy
2026-05-09 23:24:30.616935,STN-EDSA-01,AQM-005,EDSA-Guadalupe,26.44,37.26,1.23,171.03,24.61,31.0,88.7,4.71,366.46,Unhealthy
2026-05-09 17:25:30.616954,STN-QUI-04,AQM-001,Quiapo-Plaza Miranda,57.35,40.83,1.8,40.58,40.97,33.4,75.4,5.52,242.61,Unhealthy
2026-05-09 10:31:30.616973,STN-QUI-04,AQM-004,Quiapo-Plaza Miranda,51.24,85.19,3.31,121.09,18.63,29.8,59.1,3.47,419.44,Unhealthy
2026-05-09 19:48:30.616992,STN-QUI-04,AQM-005,Quiapo-Plaza Miranda,63.48,133.43,2.79,196.07,36.85,28.2,60.2,5.03,609.1,Unhealthy
2026-05-10 01:55:30.617011,STN-QUI-04,AQM-003,Quiapo-Plaza Miranda,43.81,32.43,2.87,164.78,42.65,34.7,61.9,5.04,402.38,Unhealthy
2026-05-09 20:41:30.617029,STN-UPD-05,AQM-001,UP Diliman,14.34,37.1,0.57,19.02,39.09,35.1,68.3,1.02,107.38,Unhealthy for Sensitive
2026-05-09 02:54:30.617048,STN-C5-03,AQM-005,C5-Pasig,45.76,22.4,2.28,84.53,39.01,27.7,59.6,1.26,267.98,Unhealthy
2026-05-09 12:39:30.617067,STN-UPD-05,AQM-004,UP Diliman,29.42,37.58,0.6,57.14,11.64,26.9,68.3,3.94,195.7,Unhealthy
2026-05-09 20:03:30.617086,STN-UPD-05,AQM-001,UP Diliman,23.75,38.03,1.34,89.88,36.49,24.8,60.0,2.46,241.32,Unhealthy
2026-05-09 04:42:30.617105,STN-UPD-05,AQM-004,UP Diliman,14.57,13.74,0.93,43.64,40.71,34.6,55.4,1.02,120.4,Unhealthy for Sensitive
2026-05-10 01:47:30.617124,STN-UPD-05,AQM-003,UP Diliman,31.03,23.99,0.52,79.95,41.87,27.4,61.2,5.34,216.02,Unhealthy
2026-05-09 05:19:30.617143,STN-UPD-05,AQM-003,UP Diliman,9.64,61.87,0.46,32.12,18.81,28.0,55.4,5.51,146.3,Unhealthy for Sensitive
2026-05-09 10:25:30.617161,STN-EDSA-01,AQM-002,EDSA-Guadalupe,37.52,67.78,3.34,31.24,19.37,32.8,66.6,3.0,236.62,Unhealthy
2026-05-09 07:41:30.617180,STN-QUI-04,AQM-004,Quiapo-Plaza Miranda,24.8,28.94,3.0,123.21,40.16,30.3,83.2,3.78,299.19,Unhealthy
2026-05-09 04:35:30.617199,STN-QUI-04,AQM-004,Quiapo-Plaza Miranda,30.82,129.03,2.71,207.48,5.7,34.3,81.9,0.59,554.8,Unhealthy
2026-05-10 01:26:30.617219,STN-QUI-04,AQM-002,Quiapo-Plaza Miranda,21.68,66.97,0.98,36.48,20.87,27.2,61.9,4.66,188.27,Unhealthy
2026-05-09 18:19:30.617237,STN-ESP-02,AQM-005,España-UST,59.98,84.24,2.13,44.78,35.9,30.3,66.1,1.25,309.47,Unhealthy
2026-05-09 22:04:30.617258,STN-EDSA-01,AQM-002,EDSA-Guadalupe,41.89,100.8,2.05,198.63,33.08,26.0,57.3,3.43,523.14,Unhealthy
2026-05-09 20:38:30.617276,STN-EDSA-01,AQM-005,EDSA-Guadalupe,66.66,92.64,2.15,207.33,21.34,26.4,69.3,2.02,577.02,Unhealthy
2026-05-09 15:27:30.617295,STN-QUI-04,AQM-005,Quiapo-Plaza Miranda,55.89,79.18,3.57,111.81,48.29,26.1,88.6,2.63,410.17,Unhealthy
2026-05-09 12:12:30.617316,STN-QUI-04,AQM-002,Quiapo-Plaza Miranda,56.13,51.69,0.68,50.04,38.33,25.3,82.4,1.35,256.17,Unhealthy
2026-05-09 04:02:30.617335,STN-C5-03,AQM-005,C5-Pasig,10.81,74.15,0.61,88.43,33.35,26.8,62.7,2.11,249.38,Unhealthy
2026-05-09 10:54:30.617353,STN-UPD-05,AQM-004,UP Diliman,13.84,26.11,0.54,27.39,6.38,29.7,55.1,1.51,105.45,Unhealthy for Sensitive
2026-05-09 08:27:30.617372,STN-QUI-04,AQM-003,Quiapo-Plaza Miranda,29.89,136.91,0.8,181.67,34.14,32.1,56.9,1.2,504.62,Unhealthy
2026-05-09 02:51:30.617391,STN-C5-03,AQM-005,C5-Pasig,44.99,60.99,2.05,143.96,50.86,27.5,84.0,5.85,399.59,Unhealthy
2026-05-09 10:14:30.617410,STN-C5-03,AQM-001,C5-Pasig,17.02,52.78,0.93,34.95,17.45,26.2,73.8,0.66,159.16,Unhealthy
2026-05-09 20:12:30.617429,STN-UPD-05,AQM-003,UP Diliman,15.69,50.87,1.5,20.27,28.81,24.3,78.6,4.22,137.83,Unhealthy for Sensitive
2026-05-09 18:52:30.617448,STN-C5-03,AQM-005,C5-Pasig,30.62,50.87,1.1,33.82,36.28,30.4,57.9,3.94,184.0,Unhealthy
2026-05-09 07:53:30.617466,STN-ESP-02,AQM-004,España-UST,35.94,66.1,2.78,29.54,18.87,25.2,61.2,5.54,223.3,Unhealthy
2026-05-09 09:14:30.617486,STN-EDSA-01,AQM-004,EDSA-Guadalupe,11.09,35.33,1.29,29.9,8.39,34.1,53.4,0.59,122.36,Unhealthy for Sensitive
2026-05-09 22:44:30.617505,STN-C5-03,AQM-003,C5-Pasig,44.78,88.98,0.57,34.96,9.39,35.0,60.6,4.54,254.51,Unhealthy
2026-05-09 12:10:30.617523,STN-UPD-05,AQM-004,UP Diliman,23.42,61.27,1.26,66.31,26.33,31.6,54.1,5.41,232.44,Unhealthy
2026-05-09 23:44:30.617542,STN-C5-03,AQM-005,C5-Pasig,24.94,84.97,2.32,141.48,44.89,28.5,77.7,0.88,387.29,Unhealthy
2026-05-10 00:09:30.617561,STN-UPD-05,AQM-001,UP Diliman,16.4,10.26,0.54,34.5,17.06,33.7,60.4,5.98,102.27,Unhealthy for Sensitive
2026-05-09 04:14:30.617580,STN-QUI-04,AQM-005,Quiapo-Plaza Miranda,60.26,100.4,2.56,56.22,8.5,31.0,57.9,4.68,350.94,Unhealthy
2026-05-10 01:43:30.617598,STN-UPD-05,AQM-003,UP Diliman,4.97,52.54,0.29,27.13,18.78,32.8,60.8,0.58,116.61,Unhealthy for Sensitive
2026-05-09 09:32:30.617617,STN-C5-03,AQM-005,C5-Pasig,11.79,42.58,2.04,83.33,37.65,33.6,59.6,2.98,220.04,Unhealthy
2026-05-09 06:08:30.617636,STN-C5-03,AQM-005,C5-Pasig,20.7,91.37,0.64,103.71,19.39,27.4,75.9,4.27,313.02,Unhealthy
2026-05-09 09:57:30.617655,STN-C5-03,AQM-004,C5-Pasig,16.09,93.41,1.23,111.82,44.19,28.6,64.9,2.85,324.35,Unhealthy
2026-05-09 17:13:30.617673,STN-C5-03,AQM-002,C5-Pasig,22.49,15.12,1.91,80.23,28.41,32.2,50.1,4.33,202.62,Unhealthy
2026-05-09 14:31:30.617692,STN-C5-03,AQM-005,C5-Pasig,47.85,66.91,1.16,61.11,40.2,29.9,87.6,2.85,279.27,Unhealthy
2026-05-09 08:09:30.617711,STN-C5-03,AQM-004,C5-Pasig,28.26,82.43,0.5,85.68,40.58,27.1,62.5,0.84,288.9,Unhealthy
2026-05-09 05:44:30.617730,STN-QUI-04,AQM-004,Quiapo-Plaza Miranda,19.8,111.9,2.28,179.67,24.35,34.8,73.7,3.2,466.12,Unhealthy
2026-05-09 20:18:30.617748,STN-QUI-04,AQM-004,Quiapo-Plaza Miranda,30.75,84.69,0.95,71.49,19.36,29.3,84.9,3.8,279.83,Unhealthy
2026-05-09 18:58:30.617767,STN-QUI-04,AQM-003,Quiapo-Plaza Miranda,47.08,137.82,2.22,137.19,16.58,29.4,89.6,3.11,487.58,Unhealthy
2026-05-09 08:48:30.617786,STN-ESP-02,AQM-001,España-UST,47.87,65.25,1.12,27.93,53.21,33.9,53.1,0.84,227.1,Unhealthy
2026-05-09 23:59:30.617805,STN-C5-03,AQM-001,C5-Pasig,41.88,70.45,1.53,23.98,46.77,33.6,77.1,4.98,219.55,Unhealthy
2026-05-09 11:19:30.617824,STN-ESP-02,AQM-003,España-UST,26.81,41.16,1.93,42.52,44.12,32.2,76.4,3.01,186.09,Unhealthy
2026-05-09 17:41:30.617843,STN-EDSA-01,AQM-004,EDSA-Guadalupe,54.38,115.69,3.27,209.74,9.07,32.3,69.6,1.49,594.89,Unhealthy
2026-05-09 09:58:30.617861,STN-QUI-04,AQM-003,Quiapo-Plaza Miranda,55.35,111.94,2.12,111.55,33.83,33.3,59.0,0.98,433.54,Unhealthy
2026-05-09 08:02:30.617880,STN-ESP-02,AQM-003,España-UST,14.87,39.97,0.41,135.91,26.86,27.5,88.7,4.03,285.64,Unhealthy
2026-05-09 13:12:30.617899,STN-QUI-04,AQM-002,Quiapo-Plaza Miranda,12.54,110.75,1.17,90.56,12.27,29.1,51.4,2.36,305.49,Unhealthy
2026-05-09 09:48:30.617918,STN-C5-03,AQM-005,C5-Pasig,15.1,84.25,0.77,115.63,27.27,24.9,67.2,2.86,312.46,Unhealthy
2026-05-09 03:12:30.617937,STN-C5-03,AQM-001,C5-Pasig,41.39,58.85,1.61,48.28,57.9,24.1,56.7,5.35,241.92,Unhealthy
2026-05-09 04:17:30.617956,STN-C5-03,AQM-003,C5-Pasig,39.31,31.12,2.3,89.72,35.75,34.2,72.0,0.9,273.57,Unhealthy
2026-05-09 14:32:30.617974,STN-C5-03,AQM-005,C5-Pasig,45.39,46.83,0.67,91.48,30.26,31.8,86.2,3.13,290.91,Unhealthy
2026-05-09 23:37:30.617993,STN-QUI-04,AQM-004,Quiapo-Plaza Miranda,36.3,47.47,1.12,84.39,54.29,29.0,52.0,2.66,267.34,Unhealthy
2026-05-09 23:36:30.618016,STN-ESP-02,AQM-001,España-UST,28.26,51.49,1.07,162.61,31.24,25.0,53.2,0.61,372.88,Unhealthy
2026-05-09 18:32:30.618035,STN-UPD-05,AQM-002,UP Diliman,8.05,61.03,1.56,24.59,27.4,24.3,76.2,2.0,141.82,Unhealthy for Sensitive
2026-05-09 20:19:30.618054,STN-ESP-02,AQM-004,España-UST,48.49,88.07,1.6,124.08,52.05,35.3,77.7,4.31,404.79,Unhealthy
2026-05-09 19:13:30.618073,STN-EDSA-01,AQM-005,EDSA-Guadalupe,68.82,21.25,3.5,214.85,40.26,28.8,52.1,1.15,520.38,Unhealthy
2026-05-09 18:43:30.618091,STN-QUI-04,AQM-001,Quiapo-Plaza Miranda,49.69,76.16,2.4,24.03,12.51,32.7,51.0,2.3,250.86,Unhealthy
2026-05-09 02:34:30.618110,STN-EDSA-01,AQM-002,EDSA-Guadalupe,42.63,18.65,1.84,71.08,39.71,34.8,53.2,4.56,232.68,Unhealthy
2026-05-09 07:43:30.618129,STN-ESP-02,AQM-002,España-UST,33.53,78.25,2.51,109.0,37.76,30.7,57.0,5.79,349.53,Unhealthy
2026-05-09 17:05:30.618148,STN-EDSA-01,AQM-001,EDSA-Guadalupe,45.72,70.78,1.45,124.52,42.57,24.1,80.4,5.82,377.64,Unhealthy
2026-05-09 20:39:30.618182,STN-ESP-02,AQM-002,España-UST,12.74,98.04,0.79,155.39,46.11,28.1,58.9,3.54,384.12,Unhealthy
2026-05-10 00:46:30.618201,STN-EDSA-01,AQM-003,EDSA-Guadalupe,21.33,23.85,1.05,194.29,11.91,26.6,80.2,3.41,373.26,Unhealthy
2026-05-09 05:53:30.618220,STN-EDSA-01,AQM-005,EDSA-Guadalupe,37.72,101.38,2.33,160.46,58.13,32.3,78.0,4.02,461.08,Unhealthy
2026-05-10 00:25:30.618239,STN-C5-03,AQM-002,C5-Pasig,7.02,39.65,2.19,29.43,19.4,24.4,65.5,1.55,127.65,Unhealthy for Sensitive
2026-05-09 06:15:30.618258,STN-EDSA-01,AQM-005,EDSA-Guadalupe,64.36,74.96,0.46,156.17,46.44,30.8,58.8,3.22,457.55,Unhealthy
2026-05-09 03:54:30.618276,STN-UPD-05,AQM-003,UP Diliman,14.79,9.9,0.21,86.15,30.43,24.8,75.8,5.59,172.77,Unhealthy
2026-05-09 17:44:30.618295,STN-ESP-02,AQM-003,España-UST,35.19,65.98,1.27,74.34,43.64,25.3,69.4,1.75,273.81,Unhealthy
2026-05-09 21:43:30.618314,STN-UPD-05,AQM-002,UP Diliman,7.31,63.73,0.93,43.68,37.47,28.8,52.5,4.73,165.88,Unhealthy
2026-05-09 07:31:30.618332,STN-C5-03,AQM-001,C5-Pasig,33.16,32.12,0.97,83.07,53.75,31.3,77.2,5.38,239.22,Unhealthy
2026-05-09 11:30:30.618351,STN-EDSA-01,AQM-003,EDSA-Guadalupe,40.64,95.37,1.49,67.44,22.25,32.5,65.1,4.44,311.79,Unhealthy
2026-05-09 12:11:30.618370,STN-C5-03,AQM-005,C5-Pasig,12.56,95.05,0.84,20.13,54.4,27.7,86.8,0.93,177.74,Unhealthy
2026-05-09 06:10:30.618390,STN-C5-03,AQM-004,C5-Pasig,35.05,22.54,1.48,118.28,17.07,26.2,70.8,4.76,289.4,Unhealthy
2026-05-09 04:20:30.618409,STN-C5-03,AQM-002,C5-Pasig,17.02,94.41,2.11,109.24,47.47,26.7,83.6,3.22,332.24,Unhealthy
2026-05-09 23:34:30.618428,STN-UPD-05,AQM-002,UP Diliman,30.51,33.79,1.56,51.77,57.2,34.2,73.8,3.89,194.77,Unhealthy
2026-05-10 00:10:30.618447,STN-QUI-04,AQM-004,Quiapo-Plaza Miranda,16.5,59.97,2.44,76.39,47.65,34.4,54.7,5.96,243.91,Unhealthy
2026-05-09 07:09:30.618465,STN-UPD-05,AQM-003,UP Diliman,6.12,35.07,0.55,11.0,56.02,35.0,74.5,1.73,76.34,Moderate
2026-05-09 10:41:30.618484,STN-QUI-04,AQM-004,Quiapo-Plaza Miranda,70.83,113.66,2.54,115.73,29.36,30.5,52.6,2.27,477.01,Unhealthy
